{
    "nt": 102,
    "t": [
        -5.0,
        -4.898989898989899,
        -4.797979797979798,
        -4.696969696969697,
        -4.595959595959596,
        -4.494949494949495,
        -4.393939393939394,
        -4.292929292929293,
        -4.191919191919192,
        -4.090909090909091,
        -3.9898989898989896,
        -3.888888888888889,
        -3.787878787878788,
        -3.686868686868687,
        -3.5858585858585856,
        -3.484848484848485,
        -3.383838383838384,
        -3.282828282828283,
        -3.1818181818181817,
        -3.080808080808081,
        -2.9797979797979797,
        -2.878787878787879,
        -2.7777777777777777,
        -2.676767676767677,
        -2.5757575757575757,
        -2.474747474747475,
        -2.3737373737373737,
        -2.272727272727273,
        -2.1717171717171717,
        -2.070707070707071,
        -1.9696969696969697,
        -1.868686868686869,
        -1.7676767676767677,
        -1.6666666666666665,
        -1.5656565656565657,
        -1.4646464646464645,
        -1.3636363636363638,
        -1.2626262626262625,
        -1.1616161616161618,
        -1.0606060606060606,
        -0.9595959595959593,
        -0.858585858585859,
        -0.7575757575757578,
        -0.6565656565656566,
        -0.5555555555555554,
        -0.45454545454545503,
        -0.3535353535353538,
        -0.2525252525252526,
        -0.15151515151515138,
        -0.050505050505050164,
        0.050505050505050164,
        0.15151515151515138,
        0.2525252525252526,
        0.3535353535353538,
        0.45454545454545414,
        0.5555555555555554,
        0.6565656565656566,
        0.7575757575757578,
        0.8585858585858581,
        0.9595959595959593,
        1.0606060606060606,
        1.1616161616161618,
        1.262626262626262,
        1.3636363636363633,
        1.4646464646464645,
        1.5656565656565657,
        1.666666666666667,
        1.7676767676767673,
        1.8686868686868685,
        1.9696969696969697,
        2.070707070707071,
        2.1717171717171713,
        2.2727272727272725,
        2.3737373737373737,
        2.474747474747475,
        2.5757575757575752,
        2.6767676767676765,
        2.7777777777777777,
        2.878787878787879,
        2.9797979797979792,
        3.0808080808080813,
        3.1818181818181817,
        3.282828282828282,
        3.383838383838384,
        3.4848484848484844,
        3.5858585858585865,
        3.686868686868687,
        3.787878787878787,
        3.8888888888888893,
        3.9898989898989896,
        4.09090909090909,
        4.191919191919192,
        4.292929292929292,
        4.3939393939393945,
        4.494949494949495,
        4.595959595959595,
        4.696969696969697,
        4.797979797979798,
        4.8989898989899,
        5.0,
        5.0,
        6.0
    ],
    "yobs": [
        106.76405234596767,
        100.90571786544302,
        97.09188970331805,
        94.063666385611,
        89.50198304881745,
        82.5708294561097,
        80.51390843589104,
        75.53020589750784,
        71.79811774651274,
        68.63373899780615,
        64.79101836965081,
        62.62711301313581,
        58.56177234406344,
        54.65233515321357,
        51.806479292331176,
        48.63027671488575,
        46.82669819365553,
        42.26550799477925,
        40.0238115033038,
        36.198756010519716,
        31.944000287216628,
        32.69677745678105,
        30.555794223550862,
        26.699422572696307,
        27.563602190562445,
        21.79377227050888,
        21.3502172460026,
        19.275626067329547,
        19.255970725428753,
        17.554962279746224,
        14.704993339379195,
        13.494681242181505,
        10.897236188906973,
        8.574759087331627,
        9.080207430308581,
        8.559062977878597,
        8.70962952370293,
        7.860373931020916,
        5.551352909150564,
        5.019093025365895,
        3.757589265317561,
        2.972901152709813,
        2.3754561638286145,
        5.823339419310965,
        3.2557799170137782,
        3.3222562769012103,
        2.6044641032701428,
        4.83370910902036,
        2.743310600559588,
        4.547488267893369,
        4.369812491964164,
        6.259262461128316,
        6.0706661408721025,
        6.211980814551195,
        8.277602895628283,
        9.749319524851403,
        10.50473781211891,
        11.959955827950987,
        12.344455582066402,
        14.039360660357108,
        15.254995934225885,
        17.195288181179592,
        18.47111042645467,
        19.38941987700716,
        23.226604797493014,
        24.68290429999213,
        25.592023875256185,
        29.924571868830533,
        30.89608904506477,
        34.29896100644811,
        37.521764779094184,
        39.569346138999414,
        43.329483329171396,
        43.80700664572124,
        48.39795433375995,
        50.366613233210266,
        53.33846721159762,
        56.89028613770473,
        60.519485117092096,
        64.35113524326023,
        66.69578271711892,
        72.4297521067889,
        75.76461152655831,
        77.63475927260454,
        84.6333394297919,
        89.11709109420221,
        92.57812657656726,
        95.49959766189193,
        98.9909757735512,
        105.60041642441097,
        108.72905445798547,
        115.04297358788065,
        118.8191310131753,
        124.47985299424316,
        128.85396868265548,
        134.30059418645533,
        138.80297017682733,
        145.87882019291612,
        149.62237173967847,
        155.4019893634447,
        175.0,
        210.0
    ]
}