{"CL_pop":34.4240662510138,"Q_pop":17.9804170346268,"VC_pop":51.940446930067,"VP_pop":447.374539154601,"ka_pop":2.49276700682721,"sigma":0.2,"mtt_pop":116.220295096591,"circ0_pop":7.84323371007766,"gamma_pop":0.136244198514078,"alpha_pop":0.0100596809258445,"sigmaNeut":0.2,"L":[1,0,0,0,0,1,0,0,0,0,1,0,0,0,0,1],"omega":[0.117877689280224,0.0260491863267975,0.0367708780493588,0.0678675546617182],"etaStd":[0,0,0,0,0,0,0,0,0,0,0,0,0,0,0,0,0,0,0,0]}
