{"CL_pop":23.7137581297759,"Q_pop":26.429664351578,"VC_pop":58.7592478001658,"VP_pop":214.882611429478,"ka_pop":5.40408010983666,"sigma":0.2,"mtt_pop":98.1075415581857,"circ0_pop":3.38570855822157,"gamma_pop":0.198251293850827,"alpha_pop":0.0101418216692458,"sigmaNeut":0.2,"L":[1,0,0,0,0,1,0,0,0,0,1,0,0,0,0,1],"omega":[0.0516685706720114,0.0443914128678141,0.0514490824009778,0.0651622200414541],"etaStd":[0,0,0,0,0,0,0,0]}
